"","oil_subset.2.346..1.","oil_percent","df_permits_percent","export_percent","inflation_raw_percent","df_stock_percent"
"1","1986/02",-0.39433229737057,0.253208588180945,0.189192303475338,-0.00548447444216027,0.0522674347922916
"2","1986/03",-0.208840129517489,0.32490470068629,-0.249530070254999,-0.00367309871186094,0.0579840554045115
"3","1986/04",0.0331780004319766,0.231852988185349,0.194082640752062,0.00275608810197969,0.023416620828824
"4","1986/05",0.175776207852768,-0.0292303791571094,-0.144099877033261,0.00366300775873718,0.00275020635837553
"5","1986/06",-0.144370493358303,0.0684878248811955,0.216846124125085,0.000913659268674927,0.0288243586443278
"6","1986/07",-0.147249216563117,0.00325206443044479,-0.0781305333397277,0.000912825257359806,-0.0255719608397342
"7","1986/08",0.279709383641111,-0.024110345958487,-0.383089279012093,0.00364299127850121,0.0251778610763038
"8","1986/09",-0.0258874621498597,-0.0167546860247363,0.0607137321310125,0.00181653092639777,-0.0308099732063436
"9","1986/10",-0.000149806960195065,0.0700583176386758,0.58516223748895,0.00181323712418102,-0.00222884127578737
"10","1986/11",0.0228567821429277,-0.149042321602511,-0.885386725662556,0.00361664047018806,0.0321626866662861
"11","1986/12",0.0588883525021933,-0.119257325306734,0.111414425997251,0.00540055318000032,0.0133387435271084
"12","1987/01",0.144095576062329,-0.219239807711038,-0.0909755054393182,0.00358423322781487,0.0621006923550214
"13","1987/02",-0.0495965311851085,0.156285398139694,-0.472699071805473,0.00357143236759772,0.0602378573724831
"14","1987/03",0.0319152318264226,0.392454256841258,0.197765791397245,0.00444642795713435,0.0402326620560229
"15","1987/04",0.0192119899988987,0.16399837149028,-0.0288514573893472,0.00265839766661013,-0.0115294684315081
"16","1987/05",0.0415754579187446,-0.0551912306995241,-0.553218591296532,0.00441501820911672,0.000313798778842411
"17","1987/06",0.0324369146823105,0.00943486943674898,0.203604270474432,0.00263968477077281,0.0432232819319172
"18","1987/07",0.0610751378243499,-0.0836946940803465,0.397579979993643,0.00438404910853496,0.0275899732248783
"19","1987/08",-0.0529505924757814,-0.0427781146049355,0.324954817460894,0.00349345333455986,0.0583722189954381
"20","1987/09",-0.0376153319157502,0.0616127587606528,0.0391437871176272,0.00261210422792502,-0.0316081833426773
"21","1987/10",0.0172600027402403,-0.0231561490652723,-0.0705931753912177,0.00347222571074912,-0.137388350058451
"22","1987/11",-0.0535561044689619,-0.0956149492076293,-0.726129652445744,0.00173160216427792,-0.128565035884905
"23","1987/12",-0.0896627263112499,-0.170130834754719,0.122096812353789,0.00345423486808727,-0.0123790938921076
"24","1988/01",-0.00604700741414543,-0.232509514475552,0.299169978945698,0.00172265331144672,0.0378499930358567
"25","1988/02",-0.0224241674819616,0.257001376100032,-0.397490272881032,0.00257842858794444,0.0315797896771803
"26","1988/03",-0.0309357246216355,0.305038353953613,0.353420194560178,0.00599060413715691,0.0264428353232979
"27","1988/04",0.0960942519791299,0.0523492464998832,-0.291864788711502,0.00255645644130098,-0.0115639518347708
"28","1988/05",-0.0244358530284701,0.220862630708019,0.55750943898178,0.00424629088145156,-0.0231565904577904
"29","1988/06",-0.0606261098722887,-0.0407735442878767,-0.112413895241326,0.004228336109521,0.0542673681043286
"30","1988/07",-0.0532594500056267,-0.259545606452711,-0.800964974344663,0.00421053253634351,-0.00682647761048827
"31","1988/08",-0.00488943722946322,0.119458514548288,0.602734405107888,0.004192878260036,-0.0223502118191519
"32","1988/09",-0.0645889921993388,0.0169817320231118,0.181831780856651,0.0033416906619026,0.0200433284731494
"33","1988/10",-0.0532039382514413,-0.0989466288568153,-0.184405784851824,0.00333056094716522,0.0330493318083063
"34","1988/11",0.0341636030106147,-0.0327437351668394,0.162948390530788,0.00331950512285228,-0.0246643194426088
"35","1988/12",0.14263673834431,-0.128722652703836,0.311509589064328,0.00413394553172797,0.0219382951638192
"36","1989/01",0.0918969060782957,-0.13746394526974,-0.657516184672843,0.00329489589685306,0.03280618552769
"37","1989/02",-0.00133166074211211,0.288233024604555,-0.449377724826989,0.00492207720542837,0.0260313256225171
"38","1989/03",0.0834226669918321,0.219348256590333,0.245032062552697,0.00733798645291284,-0.00172487332821092
"39","1989/04",0.0743899216448609,0.0023555440025369,-0.0315912404998278,0.00486224620803455,0.0322350629264934
"40","1989/05",-0.0467856180571742,0.0674611577664841,0.202518044026196,0.00322841281211872,0.0386894690711523
"41","1989/06",-0.00131706191540815,-0.00871102129546486,0.361858074685709,0.00321802369420077,0.0291324564771456
"42","1989/07",-0.0183412263055254,-0.156351592829534,-0.564002984379218,0,0.026447016483349
"43","1989/08",-0.0561977598701295,0.293616382429672,0.256709288356411,0.0024067400305654,0.0428367061318395
"44","1989/09",0.0526698974550208,-0.236034404027237,0.228726781634943,0.00479617226349305,-0.000141513313005603
"45","1989/10",0.0236838514848334,-0.020783714098318,0.224176194398343,0.0039793128514809,0.0003895419252542
"46","1989/11",-0.0116992790515011,-0.103593390826799,-0.254004806884554,0.00317208830614391,-0.0187844114589
"47","1989/12",0.0624753923026873,-0.215001646351638,-0.696108390896725,0.00945633524203604,0.0226253432301835
"48","1990/01",0.0778703578562912,-0.0421184543042941,-1.19178951352229,0.00391389932113562,-0.0261023343073923
"49","1990/02",-0.0365136330286333,0.0397475241941123,0.447785978752155,0.0046765478839017,-0.0263394356329059
"50","1990/03",-0.0796653472762001,0.353138611202233,-0.737553557694958,0.00233009814162344,0.0241335737542263
"51","1990/04",-0.0984578251281145,-0.0779879582546421,1.077159030519,0.00155038790745454,-0.00248851232979863
"52","1990/05",-0.0163299072817815,0.0321175249237804,0.975437923981657,0.0061776258239572,0.0399132710770269
"53","1990/06",-0.0855893290012304,-0.0354972593404987,0.209187890431184,0.00460830308619453,0.0241421018277199
"54","1990/07",0.109966739262819,-0.26928382694221,-0.84592154723985,0.00839379212846847,-0.00117235453779418
"55","1990/08",0.39398210894662,0.128905168942303,1.21983318630863,0.00681562653505985,-0.087678473822729
"56","1990/09",0.20020419512502,-0.206685648323756,-0.0740446724555257,0.00676948805524713,-0.0441524961642461
"57","1990/10",0.0656341679055643,0.208942364178377,-0.140217213964608,0.00224635062637368,-0.0276570630746731
"58","1990/11",-0.110782230310782,-0.287020006528412,-0.224442011893601,0.00373274042968408,0.0286743539364327
"59","1990/12",-0.165494941914626,-0.434455276048487,-0.720430152195873,0.00371885887873713,0.0404894130772675
"60","1991/01",-0.0847440581242762,0.0514065591752697,0.0608209614846906,0.000742115061887816,-0.00763476927891826
"61","1991/02",-0.206769741515704,0.0145014501477014,0.144326627099585,0,0.108685423924926
"62","1991/03",-0.0242585108247066,0.213829089610028,-0.693341411890069,0.00222304648794669,0.0234083252596147
"63","1991/04",0.0503309151107221,0.36203101457674,0.425211871042999,0.00369413054014167,0.0206458489393242
"64","1991/05",0.0146661818742206,0.0986926988569152,0.0918877363564068,0.00294551022975753,-0.00581664557156891
"65","1991/06",-0.0488843749189485,-0.0775458647448417,0.11806611400664,0.00146950797935919,0.00103782790945672
"66","1991/07",0.058118879086003,-0.0159031888701158,0.262775871799913,0.00293255342127807,0.00624510847860194
"67","1991/08",0.0131670713531364,-0.0626916745401331,-0.498972545358702,0.00292397869143546,0.0230272468194368
"68","1991/09",0.00851756700091588,0.142070080144013,0.0550271906249797,0.00145878946365929,-0.00571082633824105
"69","1991/10",0.0624174609390402,-0.00616952865129505,0.288421991094491,0.00436364328777383,-0.00082182594960134
"70","1991/11",-0.0400704566148229,-0.105154755282882,0.618598168968727,0.00289855275401152,-0.00346976811794075
"71","1991/12",-0.138364641859479,-0.418372542776613,-1.39781580299973,0.000723327337142976,0.00742812653202485
"72","1992/01",-0.0372339047117949,-0.227436795675246,0.904369899793931,0.00216684808509005,0.0685453972874051
"73","1992/02",0.0120137815961967,0.16385473387599,-0.497696332324198,0.00360101217359432,-0.00849408863420198
"74","1992/03",-0.00265050947030288,0.416708571832416,0.446652038714988,0.00215439939702655,-0.0129975780892169
"75","1992/04",0.067142067919721,-0.0423765826221008,0.317954105827102,0.00214976793649235,0.00140883090356425
"76","1992/05",0.0365995010076547,0.181784153046173,-0.800953908590105,0.00285918708004562,0.0176235262668012
"77","1992/06",0.0618378033396589,0.0702688998122021,0.0124465719645492,0.00285103543083931,-0.0169585835169395
"78","1992/07",-0.0275135247957672,-0.274008121443345,0.852741276150473,0.00213295495014165,0.0172037315628648
"79","1992/08",-0.0191622377304279,-0.135093408856889,-0.0971278823775723,0.00212841513482598,0.00645374021538458
"80","1992/09",0.0245140200239162,0.153944994797126,0.342540662746788,0.00424328783786621,0.00154219419525958
"81","1992/10",-0.00951753128404498,0.0699784602383566,-0.308148592273111,0.00281888840641997,-0.0148417839633588
"82","1992/11",-0.0656549900473626,-0.276910265375829,0.382839137649524,0.00140646999275162,0.0260911176260166
"83","1992/12",-0.0450500697314133,-0.0205837930186554,-0.130776486363266,0.00350754480967819,0.0294495797214829
"84","1993/01",-0.0163019528327628,-0.452838780574639,-0.287617437477774,0.00209863665692023,-0.000676488341074588
"85","1993/02",0.0515187694316914,0.19873410259774,-0.135453759205439,0.00139664827172137,0.0139087577963508
"86","1993/03",0.010683426888249,0.354412949153994,0.142923207970964,0.00348311045282035,0.0198143322333575
"87","1993/04",-0.00401061306081907,0.116443345457132,0.0564952909347003,0.00277777956390235,-0.0174632101157295
"88","1993/05",-0.0137289772063589,0.161206737548998,0.217037887665793,0.00069324092897638,0.00661603400631616
"89","1993/06",-0.0486215089456032,-0.076536387312192,-0.263575225767059,0.00138504177266174,0.00489241137117613
"90","1993/07",-0.062476787835454,-0.0783400305051067,-0.550605436275624,0.00207397239912943,-0.00143325193855759
"91","1993/08",0.00805461340851066,-0.0573960970797671,0.926155987812265,0.00138026246895784,0.0162371132775228
"92","1993/09",-0.0263827709369,0.0407350300964247,0.158628299248552,0.00412939334201123,0.0101267400705671
"93","1993/10",0.0315102433320114,-0.0958767846973103,-0.23588257709164,0.00274348594575091,0.0111027507870087
"94","1993/11",-0.0918328472252892,0.0546274655646961,-0.195989195522619,0.00205268631774214,-0.0037229256475344
"95","1993/12",-0.132113467744467,-0.418125968084521,0.170884073276618,0,0.00773447124263527
"96","1994/01",0.040555540345026,-0.277695126602762,-0.148207364605588,0.00273037712285706,0.0152339984576857
"97","1994/02",-0.0231804814404497,0.297523306213414,-0.539060564283752,0.0027229424584565,-0.00532382243152618
"98","1994/03",-0.00307608918749969,0.423371594253247,0.62659497337706,0.000679578687384108,-0.0149847878513194
"99","1994/04",0.112261820217354,0.187353473486706,-0.413612422808609,0.00203596948509865,-0.0363306306799807
"100","1994/05",0.0867068239189037,0.0502446609705878,0.587320573073592,0.00270819393687916,0.00884306328147311
"101","1994/06",0.0653139971069447,0.0628842860027028,0.201447394530324,0.0033749610165259,0.00685100595251953
"102","1994/07",0.0306559304946621,-0.225047741049035,-0.306970997723347,0.00403497521217933,-0.00477659629265759
"103","1994/08",-0.0772738706106573,-0.000765962644202034,0.213909839767386,0.00201139859968524,0.0275512175354207
"104","1994/09",-0.0448785722137419,-0.0772449720217345,0.188961482362837,0.000669568153572442,0.00402775318911441
"105","1994/10",0.0178731359823159,0.0115966478342564,0.15552389143521,0.00267379838440274,-0.00563964286991236
"106","1994/11",0.0148621344683035,-0.0964432495252687,-0.121357315670708,0.00200066755629624,-0.0085196342592031
"107","1994/12",-0.0509867496551646,-0.143672530736989,-0.138572763759149,0.00266134554951414,-0.0100191608340863
"108","1995/01",0.0529014455264361,-0.263248553301967,-0.115552112009023,0.00265428158487335,0.0216822030831185
"109","1995/02",0.0273910617710529,0.0562356471858081,-0.338744092199668,0.00198609797162952,0.0363741198901648
"110","1995/03",-0.00062015585820463,0.327314809259708,0.458629058946951,0.00396040121609698,0.022058845286792
"111","1995/04",0.071680493004747,0.0159561955124019,-0.264954617742467,0.00197433430371685,0.0294104264940147
"112","1995/05",-0.0131698065561063,0.303950758017969,0.295113971642795,0.0019704439872994,0.0318819689759282
"113","1995/06",-0.0652604558128496,-0.167881813197756,-0.137182917574759,0.00131147559781031,0.0280866161493192
"114","1995/07",-0.0607893981329588,-0.0825688299019021,0.0843718891367935,0.00196399408465986,0.0325273356042128
"115","1995/08",0.0398058950739704,0.129076658401175,0.196503128377961,0.00130718972862187,0.00325555427979651
"116","1995/09",0.0105297863207325,-0.192905969135797,0.0351734769285876,0.00260926436361331,0.0355809701609688
"117","1995/10",-0.0441014973430143,0.0833248180062931,-0.0826867583039741,0.00130208351729877,0.00589017426012095
"118","1995/11",0.0327303325102473,-0.123645307000409,0.213843143514748,0.00130039030028328,0.0231300787364379
"119","1995/12",0.0556108035852545,-0.349844791191416,-0.0372011659981606,0.00518471673418652,0.0303003323474327
"120","1996/01",-0.0135551899724313,-0.0887957644727475,-0.478056065873187,0.00193735934022676,0.000804090916082245
"121","1996/02",0.0201764136989455,0.221873364834982,-0.019611815475737,0.00322061470004176,0.0543438987500711
"122","1996/03",0.112443047698722,0.252854618182582,0.287229890667001,0.00385109590209787,-0.00357191510059707
"123","1996/04",0.0873292656203954,0.0608188999755122,0.393352677650446,0.00192000058982433,-0.000474449436084434
"124","1996/05",-0.100705225669054,0.320973884383349,-0.0605238028667463,0.00191632125076424,0.0219052805197535
"125","1996/06",-0.0340232638482507,-0.185580948432417,-0.102385034186836,0.00191265598633272,0.0109792840778615
"126","1996/07",0.0385357348147672,0.123303141035844,0.133845639220899,0.00127307464679838,-0.0395791178373024
"127","1996/08",0.031019834474141,-0.212300742760466,-0.204973970037527,0.00317561397388655,0.0312237071796186
"128","1996/09",0.0889151726917246,-0.0221856722586935,-0.273494850776844,0.00316556136456114,0.0183389701575036
"129","1996/10",0.0340500699387603,0.0714815432791518,0.164577358475346,0.00315557219880969,0.0385237024125598
"130","1996/11",-0.0444172318049656,-0.166436326220051,0.399199487807481,0.00251730781137738,0.0489920289102619
"131","1996/12",0.0607270738666363,-0.282327212901746,-0.217103223126183,0.00188383101237388,0.00797135798570547
"132","1997/01",-0.00384243912897464,-0.0359529952318045,-0.350010828807514,0.00188028886485192,0.0304340016417299
"133","1997/02",-0.12510983693365,0.0734022852564067,-0.254777392104734,0.000625978111207459,0.0411247662613201
"134","1997/03",-0.0576820782458785,0.335342188550516,-0.218443382481792,0.000625586507734255,-0.0097887628555311
"135","1997/04",-0.0618784837164243,0.336205737737451,0.45850655281563,0,-0.0320160801513003
"136","1997/05",0.0586088129538971,0.0088087307998137,-0.0357341728361122,0.0018744147943508,0.0864304284186153
"137","1997/06",-0.0780386753627065,-0.0479709470033889,-0.0359487865140897,0.00124766079815508,0.0492417009147506
"138","1997/07",0.0191064097802469,0.0249160610625587,0.0302001024573748,0.00249066131245179,0.0564074582404208
"139","1997/08",0.0134364533996334,-0.170632542388322,-0.19886162058338,0.00248447332766144,-0.00116412596813298
"140","1997/09",-0.00393830805640727,0.10861100104081,-0.20242283132544,0.00185931259018357,0.0119001171298088
"141","1997/10",0.0719016508381425,0.064505842798301,0.413736390803516,0.00123762392034976,0.0138780083168948
"142","1997/11",-0.0589047789996942,-0.153827503928753,0.274172614014592,0.000618238041330876,-0.0108374050084592
"143","1997/12",-0.0940584797804487,-0.180571821060123,-0.444690438343727,0.00123533060799197,0.0221390005737678
"144","1998/01",-0.0907325723679637,-0.278320793015848,-0.0630810441137282,0,0.00164584766441145
"145","1998/02",-0.040513104975703,0.20432099586597,-0.241580598206276,0,0.0607937878688363
"146","1998/03",-0.0589627434441953,0.442682176257879,0.258223082078683,0.00123380644892901,0.0518186614541589
"147","1998/04",0.0157299601932284,0.00273322792326525,0.145368069396835,0.00246305543239789,0.0316033302345353
"148","1998/05",-0.0350317222188408,0.0815749532538419,-0.212758905013655,0.00122925645472982,-0.00530886616884185
"149","1998/06",-0.080804093023338,-0.0339222413926734,0.56788314470367,0.00245398896156601,0.00368887752739422
"150","1998/07",0.033057085337834,-0.0121581604063827,-0.071077866416557,0.00122473989589622,0.0405284046528207
"151","1998/08",-0.0492142549637866,-0.037702482367056,0.155517805920937,0.000611807911405471,-0.0772323945226479
"152","1998/09",0.115038398733972,-0.0158443954580747,-0.110505707133721,0.0024434954124759,-0.0485000269055673
"153","1998/10",-0.0481888838334878,-0.0929229080798315,-0.0542628585593663,0.00121951234626128,0.0140143816314104
"154","1998/11",-0.109527314828731,-0.0707867862144518,0.110847294455618,0.00182648452603473,0.102115419777283
"155","1998/12",-0.129126489848056,-0.219854691323878,0.292591805641098,0.00182315456151461,0.0383945276152522
"156","1999/01",0.0969868369435547,-0.243659430831922,-0.072647688268332,0,0.0485453913869431
"157","1999/02",-0.0405926755649868,0.0957136780588819,-0.0601212546690064,0.000606980291776971,-0.00428348258309885
"158","1999/03",0.213416009819625,0.566472704757697,-0.0593433614006678,0.00665257972102751,0.0312610180183635
"159","1999/04",0.154221284936048,-0.00102290812886707,0.0955016642194462,0.000602591160144605,0.0401751700600608
"160","1999/05",0.0174836122376121,0.0947432132709878,0.15641444879682,0,-0.00490062184375617
"161","1999/06",0.0230589938845647,0.0305609845951231,0.193564164065473,0.00420800140020461,-0.00284533763241335
"162","1999/07",0.108782520745092,0.00535959324203361,0.0946440857202049,0.00239664584460009,0.0402626221773943
"163","1999/08",0.0560896629154448,-0.143332608467357,-0.164835494308964,0.0041803584317579,-0.0393955146333216
"164","1999/09",0.116225798231376,-0.0223137633899171,0.0208710344919805,0.00178624638146374,-0.00890526592887486
"165","1999/10",-0.0573398940752003,0.0115738546036468,0.0377203280328455,0.00178306139365603,-0.00952031984112267
"166","1999/11",0.106220089210607,0.00919617608779433,0.00870457063111374,0.00237248035363091,0.0665358204595536
"167","1999/12",0.0402629512068362,-0.0682133456177993,0.247145976874238,0.00295770697723263,0.026268887730688
"168","2000/01",0.0431544025162047,-0.310951049011667,-0.240850992058016,0.0041261479111725,-0.00374752416421842
"169","2000/02",0.0783893988830342,-0.0789960138601877,0.162848643977627,0.0058651194523982,-0.0266279345155134
"170","2000/03",0.00739764580242008,0.522965962634814,0.0446386313717397,-0.000584966381114604,0.0407529275152072
"171","2000/04",-0.145478395318891,-0.0881814033593429,0.0404597684497574,0.0017538735860958,0.0114373458426726
"172","2000/05",0.119229925488531,0.213145248303388,0.08045200389153,0.00582412828598855,-0.030637726847897
"173","2000/06",0.0957961913057117,-0.0385759518203486,0.0878083512184933,0.00289939315900245,0.0312431658185872
"174","2000/07",-0.0746796329886945,-0.0565700321591613,-0.0534104884454489,0,0.0059682929540017
"175","2000/08",0.0622543870766497,0.0492659753804361,0.00924567308933355,0.00519781707361755,0.0119662108018135
"176","2000/09",0.0734826282915346,-0.00624238138205158,0.0524920635596349,0.00172661913398731,-0.0160940933443605
"177","2000/10",-0.023828040611134,-0.0509716554598612,0.00721949469648742,0.00172364305816508,-0.0516671263340225
"178","2000/11",0.0372240380658053,-0.0303338042083041,0.151965296047189,0.00229357898709903,-0.015575076831146
"179","2000/12",-0.196114988320167,-0.263038394856785,0.190642056300266,0.00571103779551496,-0.0283055740569207
"180","2001/01",0.0467992470228693,0.0581573475756869,-0.322702408644425,0.00227531383713497,0.00419828769061681
"181","2001/02",-0.00338906804492645,-0.0283670636342563,-0.097205342607845,0.000568020464008612,-0.0292622242560121
"182","2001/03",-0.0804375719504469,0.248607357686058,-0.0278776394264675,0.00170212807053094,-0.0932007787368248
"183","2001/04",0.0114284970196077,0.084821317139081,0.0374896590676883,0.00508906950747168,0.00864390037392404
"184","2001/05",0.0382995820273009,0.161209868941672,-0.151233239772024,0.00225352208044338,0.0622232487134937
"185","2001/06",-0.0363729406548039,-0.107395428513968,0.0573524843399014,-0.00168966528512726,-0.025916527438727
"186","2001/07",-0.0422737979003087,0.0554734594038955,0.0347011081354491,0,-0.0267283183765272
"187","2001/08",0.0354948955809862,-0.114964052604066,0.00899922660750896,0.00393812042013764,-0.0236545942077955
"188","2001/09",-0.0506482358494726,-0.0740272570169935,-0.158710661939661,-0.00281135973754676,-0.11948971468985
"189","2001/10",-0.166335245778825,0.141383861895193,0.0811871366114936,-0.000563221642599032,0.0323254027761175
"190","2001/11",-0.118436799156243,-0.0302896641281407,-0.0369463690258414,-0.000563539039991845,0.0483159561022113
"191","2001/12",-0.0103697831824885,-0.28407104526632,0.114118963799562,0.00168966528512726,0.0113906477423882
"192","2002/01",0.0182431548162314,-0.0720210598734781,-0.114486225083857,0.00168681513147906,-0.00485126616501486
"193","2002/02",0.0533215760343069,0.00460488898146139,-0.0774943347300336,0.0028050509276083,-0.0341161149345481
"194","2002/03",0.172698981869495,0.347995059918027,0.143731946845101,0.00447177939139376,0.0473163499294929
"195","2002/04",0.0555773451653718,0.181004775655619,0.0326131613830896,0.0011148273172461,-0.0399600047684787
"196","2002/05",0.0336355598827973,0.0232367822037176,-0.266663655956654,0.000556947939766239,-0.0277675094501664
"197","2002/06",-0.056406234216694,0.00914588218355306,0.289294425906412,0.00222469502211098,-0.0641488498400564
"198","2002/07",0.052315744178657,0.00791781992247564,-0.0656358792188811,0.0027739268827256,-0.117434734311899
"199","2002/08",0.0549121161896822,-0.0672916231561729,0.116375995257393,0.00166067018514049,0.0155631436630541
"200","2002/09",0.0425944544924097,-0.146939288730383,-0.0419260212910935,0.00220994565080268,-0.0528173615442755
"201","2002/10",-0.0355019872387188,0.194685922603366,-0.139441842519695,0.00165426009602587,-0.0115170636836748
"202","2002/11",-0.0859969971862027,-0.103061153927314,0.0751136623271442,0.00165152803847324,0.0605175394988811
"203","2002/12",0.112968844021137,-0.281225873014659,0.174112642899983,0.00439078641749013,-0.0124012589928215
"204","2003/01",0.111838807274752,0.0356378021955983,-0.219409945854416,0.00546151002552175,-0.00372407501731775
"205","2003/02",0.0838369168777664,-0.0884719206741877,0.137158285604993,0.00163265342388552,-0.0671942928085478
"206","2003/03",-0.0722835702793865,0.267447578146768,-0.158694662013927,-0.00381367937024546,0.0113268350483846
"207","2003/04",-0.173998312636621,0.171989355320438,-0.0958644300112521,-0.00163889684321017,0.0524490078117053
"208","2003/05",0.0072701165510809,0.0568977145799714,0.0316339846627613,0.00109289628364451,0.0482865266582797
"209","2003/06",0.0829326260968024,0.0543188907974681,0.346474966961987,0.00327154054061563,0.0527910942517806
"210","2003/07",0.00606178948598224,0.00819143972522696,-0.0944669376666809,0.00434547125950147,0.00475210327771869
"211","2003/08",0.0225641749858321,-0.213020891394851,0.0525907155511156,0.00324675609887048,-0.00246289414167844
"212","2003/09",-0.106228449870422,0.0893670768152894,-0.0550967913693992,-0.00108108118637329,0.0292501677346406
"213","2003/10",0.0687096981268636,0.000359035081068271,-0.125561788147609,0.000540686685245539,0.0196994527102623
"214","2003/11",0.0216427994557886,-0.125283936197814,0.111742403742804,0.00269905696916517,0.0107561608054878
"215","2003/12",0.037826600012171,-0.114712749503592,0.215976653410944,0.00430339556005332,0.028356501317198
"216","2004/01",0.0621979223432327,-0.200112489231124,-0.123530460450791,0.0021447729401336,0.0464300739797068
"217","2004/02",0.0139793602515237,0.0654661842768292,0.0584058985957423,0.00214018273236771,0.0100764984623813
"218","2004/03",0.0516649892359853,0.327016800499528,0.0401810220471841,0.00160213652427732,-0.0185661857902861
"219","2004/04",0.00615425871555875,0.0872124328652113,-0.102487215582945,0.00425985734695811,0.00902507654503104
"220","2004/05",0.0909222411998036,0.000291806424829844,0.322434700496901,0.00371254735618454,-0.0263477849991549
"221","2004/06",-0.0646399617117646,0.288188170745286,-0.14243425928546,0.00105820115694755,0.0263492978824917
"222","2004/07",0.0773433336588587,-0.172792038434228,0.00608693866056775,0.000528680953365779,-0.0254133698099865
"223","2004/08",0.0926660667066619,-0.121533050351964,-0.162811666072553,0.00316622955805013,-0.0136888719524384
"224","2004/09",0.0301944929573397,-0.0551704659270023,0.0736769056815447,0.00525487283835879,0.0264458122778279
"225","2004/10",0.141794699804603,0.0449768280857725,0.130494533897066,0.00470589103741226,-0.000763387903888635
"226","2004/11",-0.0992863267595965,0.0920050415163587,-0.241475889048274,0,0.0470113902989073
"227","2004/12",-0.114355703949146,-0.239626196031914,0.252878374850999,-0.000521784514838863,0.0234023715076495
"228","2005/01",0.0850665375015511,-0.356327521160832,-0.147647233667769,0.00416667269484616,-0.0149444449681804
"229","2005/02",0.0323414597239506,0.237002989856329,-0.0610856544568144,0.00363165120286268,0.0159020261407505
"230","2005/03",0.117833572389458,0.396549388041294,0.0503822167713874,0.00310238097848181,-0.00629801809322839
"231","2005/04",-0.0312677844720919,-0.0399362077577656,-0.0288271029541001,-0.000516395570473449,-0.0247685137666576
"232","2005/05",-0.0529981559691115,0.07175976031359,-0.0417790727635143,0.000516395570473449,0.0131104605807817
"233","2005/06",0.122564590356584,0.0386240584945909,0.24424340609662,0.00617603610056427,0.0189278725811608
"234","2005/07",0.0440786308589445,-0.105652265439875,0.0643745945154723,0.00613812668878566,0.0184516983259009
"235","2005/08",0.0999981217383477,0.109979899497148,0.110124517519814,0.0136745610201734,-0.000498996976721067
"236","2005/09",0.000893355206667223,-0.0989200625035132,0.169095381584949,0.00150791684767704,0.00200772221892009
"237","2005/10",-0.0508265027006081,0.0255301588634573,-0.119725668687535,-0.00503525736564558,-0.027849476136268
"238","2005/11",-0.0647625383483348,-0.116097575071777,0.0636640459435487,0,0.0393525161387567
"239","2005/12",0.0204998152545892,0.059207115189345,0.0251033898988346,0.0060392735142436,0.0172850809092768
"240","2006/01",0.0973434375732705,-0.374807102254429,-0.402728987044446,0.000501630308988865,0.01334890153354
"241","2006/02",-0.0654090374304035,0.0867381712391158,-0.0888643630548103,0.00150338289403162,-0.00140305364661319
"242","2006/03",0.0213853402982958,0.435094330388704,0.0741844380348855,0.00499501538052272,0.0130232123259084
"243","2006/04",0.104996760432808,-0.149111825583933,0.0401807342509368,0.00298507684345406,0.00652373732283262
"244","2006/05",0.0145314447704914,0.23443683477214,-0.051545489411474,0.00248077527376278,-0.0101784399520497
"245","2006/06",0.00440908350247771,-0.00787044660052416,0.106321337984035,0.00543613891225991,-0.0295285909984075
"246","2006/07",0.0474006923813874,-0.122882219201447,-0.0477146979677219,0.00442587395685567,0.00726392325042902
"247","2006/08",-0.0222968995151112,0.12131995049798,-0.050210904466665,-0.00491884907159612,0.0220819127259464
"248","2006/09",-0.136433995629797,-0.0823001705487769,-0.11317827596595,-0.00444774639823642,0.0224059024112266
"249","2006/10",-0.0756838400869917,0.123069255011785,0.0766091436979028,0.00049517208241312,0.0339169512127793
"250","2006/11",0.00744183732649084,-0.0264107681080326,0.0694644583855748,0.00543077118513402,0.0192053660694027
"251","2006/12",0.0422423095156663,-0.313744402351222,0.213015426878922,0.00165790605623251,0.0195530544572176
"252","2007/01",-0.124539518995417,0.10531357546807,-0.313376846592622,0.00387084913353952,0.00544613728167409
"253","2007/02",0.0856647379207853,-0.287109121733284,-0.0214663423330226,0.00518664749319964,0.0120971843618429
"254","2007/03",0.0141287563676205,0.46817688263781,0.114284787594739,0.00299616948199866,-0.0248544799425927
"255","2007/04",0.0583842447302674,-0.064517926737043,-0.13423080668055,0.00412447665692373,0.0401102501348722
"256","2007/05",-0.00806426407329752,0.323763695856325,0.168723919506723,0.002314072179459,0.0327025111147989
"257","2007/06",0.0629446126730935,-0.0367735762796251,-0.0390223770018494,0.001779012466681,-9.49094533808648e-06
"258","2007/07",0.0933660342355216,-0.198136343036463,-0.0552537242257483,0.000308233200118302,0.00317491694582728
"259","2007/08",-0.0281078907921408,0.0491173573741399,-0.0346272025920129,0.00422860024543859,-0.0431389306859602
"260","2007/09",0.102208295589888,-0.0699854289733004,0.0146786506046634,0.00307849440109909,0.0308139621563708
"261","2007/10",0.0774731147984351,0.156792604732168,-0.0104520541983728,0.00782816408287346,0.0252634083938421
"262","2007/11",0.0934526029938407,-0.215878120728171,0.0706213844926964,0.00289382340294875,-0.0512583298311924
"263","2007/12",-0.033752664525049,-0.145325691807972,0.178386630378839,0.00344177536717361,0.0123054679668311
"264","2008/01",0.0119729686158205,-0.0485720161778005,-0.0961805664826816,0.00241490863745408,-0.0697810163633505
"265","2008/02",0.0310791903203835,-0.00711400232829007,0.112959072086433,0.00357164189274517,-0.0196052736249896
"266","2008/03",0.0947925952699071,0.0890250060114255,0.105663768764918,0.00231170696550809,-0.0248947219235003
"267","2008/04",0.0721474955249057,0.296924812244303,-0.277827925134547,0.00590005206812361,0.0392147899469846
"268","2008/05",0.108206629406052,0.0521179642190042,0.248464758167696,0.0104237187971661,0.0220986540489205
"269","2008/06",0.0627991607429097,-0.0601768620592154,0.270063564062891,0.00711606539350473,-0.0468581961662764
"270","2008/07",-0.0117228166678256,-0.00665627573114236,-0.221576430198807,-0.0014895846082954,-0.0635937196820393
"271","2008/08",-0.131929985776023,-0.187463276814213,-0.0732748596732264,0.000854726299673203,0.0207372752901636
"272","2008/09",-0.112808928761521,0.166190292332956,-0.264574796337167,-0.00863561639955801,-0.0545198263577138
"273","2008/10",-0.317117973941305,-0.148887250059261,-0.498684000036038,-0.0178640940928183,-0.23507285575277
"274","2008/11",-0.284310293250627,-0.242071767709529,-0.203872629088616,-0.00826760505408153,-0.0874178728212573
"275","2008/12",-0.334512031078999,-0.0864294249388706,0.00769070229449564,0.0025275743322668,0.000891195611263385
"276","2009/01",0.0237642952229118,-0.208995833451461,-0.474340180313556,0.0036360422314452,-0.0170763954929747
"277","2009/02",-0.0649415516972023,-0.157232932115807,-0.592230837393429,-0.000987770541272859,-0.0722699208431479
"278","2009/03",0.204604235092684,0.491533082574978,0.0884101646492113,0.00100657575219731,-0.0585004263133362
"279","2009/04",0.0380893810592426,-0.00637561044038648,-1.23472088058988,0.00147041233264744,0.114158795414317
"280","2009/05",0.183331750763056,0.195748080822227,1.7258653676513,0.00826535985544119,0.0618985743061868
"281","2009/06",0.152003802265169,0.0578219957108779,0.287696503195036,-0.000298009855155712,0.0213572901097328
"282","2009/07",-0.0864122914389753,-0.18854038604243,-0.37252726581336,0.00334285979087934,0.0120211092967777
"283","2009/08",0.104014463400859,0.0426213526506025,-0.0456377396047278,0.00192902546683626,0.0748468855267683
"284","2009/09",-0.0196723835427601,0.059996786005474,0.455804313824699,0.00299743499858529,0.0358859215543577
"285","2009/10",0.0883921495689179,0.169598673318248,-0.281903511817069,0.00334299654493098,0.0221203018465959
"286","2009/11",0.026674351398829,-0.110428709497835,0.605668411683872,0.000520041154797646,0.0181562088120533
"287","2009/12",-0.0489382043542186,-0.138992407136445,0.286444691316369,0.000547361753080899,0.0194512742218054
"288","2010/01",0.050487495284198,-0.254781718000633,-0.496181308488243,-0.00098914934327432,0.0102244663085553
"289","2010/02",-0.0195984001711977,0.0140766634872413,-0.234112274967443,0.000248529534872866,-0.0283023399969906
"290","2010/03",0.0612936964671373,0.405535319760695,0.233591344723105,0.000326676347166099,0.057206194827077
"291","2010/04",0.0340870517722056,0.158082747227102,-0.161197434002894,-0.000354287689908084,0.0369910319504418
"292","2010/05",-0.13423765401572,-0.0616700938826078,0.0559527040754322,-6.44294313865146e-05,-0.065349683574869
"293","2010/06",0.0221889296287463,0.129790031716155,-0.378942683590671,0.00180245679452096,-0.0372869167698218
"294","2010/07",0.0150261360933204,-0.127294248982864,0.30356160437494,0.00153779446356239,0.000955803110118225
"295","2010/08",-4.20648856609418e-05,-0.146280378992373,-0.619752856964611,0.00123311643361834,0.0041977143094627
"296","2010/09",-0.0115851284549757,0.188532874912589,0.0265744757859228,0.00339808927385832,0.0345790793404746
"297","2010/10",0.0807014105177633,-0.0643464738988655,0.37761924661714,0.00237135515439935,0.0419248294300942
"298","2010/11",0.0297654649952896,-0.189808994187334,0.690239034321797,0.00405927176952758,0.0223505609501968
"299","2010/12",0.0555799112455624,-0.111435624535943,0.138942764149649,0.00292173364606452,0.0354437301565547
"300","2011/01",-0.00080588997826414,-0.225749343447475,-0.423108434655955,0.00331453595178122,0.0321305560236835
"301","2011/02",-0.000881913976233939,0.269271147390903,-0.0399624659801079,0.00512174800012399,0.0285977055181732
"302","2011/03",0.146811623784886,0.342465973912148,-0.231888334201467,0.00492606323519418,-0.0117497134119198
"303","2011/04",0.060496189591916,-0.263908244879307,0.18404509805001,0.00383987072371195,0.0195957513044016
"304","2011/05",-0.0833093663029949,0.305273380715061,0.0295345828387541,0.000320065438333295,0.00432654211574146
"305","2011/06",-0.0493644071783432,0.0376970065579165,0.22199440894036,0.0024992078138748,-0.0371758744783177
"306","2011/07",0.0134226163528641,-0.119609130040178,-0.389357502274211,0.00263890948399936,0.0261354032995671
"307","2011/08",-0.122761392833572,-0.110898984063805,0.41383489713897,0.00231878784970707,-0.112591014318098
"308","2011/09",-0.00846491203627142,-0.0395310833971187,-0.443408015544688,0.000383737475349477,-0.00795717731127521
"309","2011/10",0.0144778299815984,0.117622582516852,0.313889878124958,0.00165235762880833,0.0297215444743566
"310","2011/11",0.119108241492573,-0.0594025894894408,0.288602586962778,-0.000189331813373883,0.0163822048446054
"311","2011/12",0.00958155807142003,-0.0589125748718828,0.203866175352035,0.00252001743004904,0.0126212253376163
"312","2012/01",0.0167816517955064,-0.242032208435635,-0.54857493698487,0.00207106637376153,0.045932311363778
"313","2012/02",0.0257557499701369,0.127578825409497,0.0168034425147345,0.00260030352046758,0.040122955818175
"314","2012/03",0.0313569630912927,0.317741904202226,0.17848278048679,0.00197416184103183,0.0254837683315339
"315","2012/04",-0.0246051555420834,-0.037228975416312,-0.665414837083821,-0.00130984937997258,-0.0018788286563769
"316","2012/05",-0.100025341621221,0.125846297811524,-0.143250167272773,-0.000257805725151883,-0.0381179634255044
"317","2012/06",-0.129242541062057,0.0131922059065346,0.400565805983851,-0.000201047194321013,-0.00729596553827161
"318","2012/07",0.0668266562820099,-0.087632494977921,-0.00323396396545483,0.00511411941453144,0.0258563433851666
"319","2012/08",0.0704586226058153,0.0763898691269418,-0.140654260624536,0.00491934411868034,0.0320032651294948
"320","2012/09",0.000476758054322346,-0.161007026352493,0.0401432997313949,0.00244630993030892,0.0272091669854344
"321","2012/10",-0.0561276379010032,0.195129628622837,0.438168680053336,-0.00199636227239708,-0.00448612389071812
"322","2012/11",-0.0313113661119244,-0.259667979925219,0.155029114318374,-0.000393693127785255,-0.031207781204678
"323","2012/12",0.0155309519281008,-0.276312900156562,0.293075169032878,0.000960166156548148,0.0209069744741619
"324","2013/01",0.0768691968378841,-0.0725139107856911,-0.624642381805518,0.00550958455277417,0.041049841235167
"325","2013/02",0.000781093593372084,0.0593472197449465,-0.17129945916591,-0.00225534556318685,0.0204994403480043
"326","2013/03",-0.0180193923620386,0.306451601144701,0.03993484257927,-0.0015869528236605,0.0263918853020844
"327","2013/04",-0.016495590243899,0.139353517552927,-0.131022948218319,0.00179806917756054,0.0119105162977773
"328","2013/05",0.0317240845767932,0.113371508739469,-0.202371791478986,0.00316570296897378,0.044141551677038
"329","2013/06",0.0124543697748996,-0.113360452364436,0.456923211626513,0.0016819995727122,-0.0147023313640382
"330","2013/07",0.0920974084565023,0.211513554400671,-0.0807898882437552,0.000775683851315101,0.0329746724397877
"331","2013/08",0.0130708755929376,-0.317442621458191,0.306669419376839,0.00132712316342865,-0.00270011349027577
"332","2013/09",-0.00393769197689142,0.0654875479423964,-0.246281946876966,0.000166835998462567,0.011444968291328
"333","2013/10",-0.057006640446998,0.112556951931776,-0.409507781774997,0.00107307386075739,0.0207472814666474
"334","2013/11",-0.0658200737961501,-0.136100142385551,0.671281905267734,0.00239422938920164,0.0352239980307729
"335","2013/12",0.0396794593665444,-0.218683287767888,0.219120095269282,0.0014440066658814,0.0128501440080004
"336","2014/01",-0.0312973732573179,0.0122822504014124,-0.635078187204907,0.00100403750601252,0.00803359623069433
"337","2014/02",0.0634719727835096,-0.121426057569888,0.0599198180147757,0.00200081203684555,-0.00292462833914264
"338","2014/03",-0.000636864908729606,0.193831604247144,0.169458625106256,0.00260228079396541,0.0257994469011313
"339","2014/04",0.0129757400570965,0.0370390793584541,0.0421535023494473,0.00350279334859493,-0.000186374680903434
"340","2014/05",0.00227481389956896,0.227938918695159,-0.0349543130038477,0.00256963425132462,0.0137956799026417
"341","2014/06",0.0336863298004282,0.207716674473119,0.0986354811771228,0.000908322567402919,0.0303322730136522
"342","2014/07",-0.0247876663831033,0.0545845263779903,-0.199412312244293,-0.00202382799645928,0.0115486635972832
"343","2014/08",-0.0675909198415452,-0.437868838623441,0.480003105314566,0.000863047114894933,-0.00384288839764579
"344","2014/09",-0.035562777247069,0.212275359446974,-0.404445990123117,3.78728104823978e-05,0.0140279221890927
"345","2014/10",-0.101560048628004,0.0135110318102392,0.290432276683026,-8.41605615242713e-06,-0.0276071266871671
